street,rooms,max_floors,count_by_street
10й дивизии НКВД,2,4,1
10й дивизии НКВД,2,5,2
11,1,4,1
13,1,5,1
13й Гвардейской дивизии,1,5,7
13й Гвардейской дивизии,2,4,3
13й Гвардейской дивизии,2,5,9
13й Гвардейской дивизии,2,6,1
1А,3,5,1
1й Пятилетки,2,3,1
1й Пятилетки,2,5,2
27,2,5,1
2й квартал,2,4,3
2й квартал,3,4,1
2й квартал,3,5,1
2й квартал,4,4,1
2я Динамовская,1,10,2
2я Динамовская,2,2,4
2я Динамовская,2,9,8
2я Динамовская,2,10,6
2я Динамовская,3,2,1
2я Динамовская,3,9,2
2я Караванная,1,9,6
2я Караванная,2,2,4
2я Караванная,2,9,4
2я Караванная,3,9,5
2я Штурманская,1,5,15
2я Штурманская,1,9,10
2я Штурманская,2,2,4
2я Штурманская,2,5,18
2я Штурманская,2,9,20
2я Штурманская,3,2,2
2я Штурманская,3,5,8
2я Штурманская,3,9,13
2я Штурманская,4,5,1
35 Гвардейской дивизии,1,5,29
35 Гвардейской дивизии,1,9,10
35 Гвардейской дивизии,2,4,3
35 Гвардейской дивизии,2,5,18
35 Гвардейской дивизии,2,6,3
35 Гвардейской дивизии,2,9,28
35 Гвардейской дивизии,3,5,8
35 Гвардейской дивизии,3,9,14
35 Гвардейской дивизии,4,9,3
37,1,9,2
39 Грвардейская,4,16,1
39й Гвардейской дивизии,1,9,25
39й Гвардейской дивизии,2,9,28
39й Гвардейской дивизии,3,9,10
39й Гвардейской дивизии,4,9,19
39й Гвардейской дивизии,4,16,6
40 Домиков,3,2,2
40 лет ВЛКСМ,1,3,15
40 лет ВЛКСМ,1,4,29
40 лет ВЛКСМ,1,5,2
40 лет ВЛКСМ,2,3,20
40 лет ВЛКСМ,2,4,9
40 лет ВЛКСМ,2,5,3
40 лет ВЛКСМ,3,3,6
40 лет ВЛКСМ,3,4,8
40 лет ВЛКСМ,Студия,4,1
42,1,19,2
4й Участок,3,2,1
4й Участок,4,2,2
4х Связистов,1,9,5
4х Связистов,2,9,16
50 лет Октября,1,5,23
50 лет Октября,1,9,33
50 лет Октября,1,10,1
50 лет Октября,1,16,5
50 лет Октября,1,17,2
50 лет Октября,2,5,79
50 лет Октября,2,9,9
50 лет Октября,2,10,8
50 лет Октября,3,5,23
50 лет Октября,3,9,24
50 лет Октября,4,5,5
50 лет Октября,4,16,2
50 лет Октября,Своб.планировка,10,3
50 лет Октября,Студия,10,2
50летия ВЛКСМ,4,5,6
51 Гвардейской дивизии,1,5,54
51 Гвардейской дивизии,1,6,5
51 Гвардейской дивизии,1,7,4
51 Гвардейской дивизии,1,9,76
51 Гвардейской дивизии,1,10,8
51 Гвардейской дивизии,2,4,2
51 Гвардейской дивизии,2,5,58
51 Гвардейской дивизии,2,6,1
51 Гвардейской дивизии,2,7,3
51 Гвардейской дивизии,2,9,68
51 Гвардейской дивизии,2,10,1
51 Гвардейской дивизии,3,5,37
51 Гвардейской дивизии,3,9,12
51 Гвардейской дивизии,3,10,17
51 Гвардейской дивизии,4,5,18
51 Гвардейской дивизии,4,9,9
51 Гвардейской дивизии,6,4,3
51 Гвардейской дивизии,Студия,5,4
51 Гвардейской дивизии,Студия,7,4
51 Гвардейской дивизии,Студия,9,16
51 Гвардейской дивизии,Студия,10,10
5й участок,2,2,9
5й участок,5,2,3
60,2,9,1
64 Армии,1,4,5
64 Армии,1,5,121
64 Армии,1,6,4
64 Армии,1,10,20
64 Армии,1,16,7
64 Армии,2,3,6
64 Армии,2,4,8
64 Армии,2,5,95
64 Армии,2,6,2
64 Армии,2,9,25
64 Армии,2,10,11
64 Армии,2,16,1
64 Армии,3,3,2
64 Армии,3,4,1
64 Армии,3,5,41
64 Армии,3,9,20
64 Армии,3,16,12
64 Армии,4,5,4
64 Армии,4,9,5
7 Гвардейской,1,5,8
7 Гвардейской,2,5,14
7 Гвардейской,2,7,5
7 Гвардейской,2,16,5
7 Гвардейской,3,5,6
7 Гвардейской,3,7,2
7 Гвардейской,3,16,3
70летия Победы,1,5,37
70летия Победы,1,6,1
70летия Победы,1,16,12
70летия Победы,2,5,17
70летия Победы,2,6,2
70летия Победы,2,16,5
70летия Победы,3,6,1
8 Воздушной Армии,1,9,68
8 Воздушной Армии,1,10,2
8 Воздушной Армии,1,12,3
8 Воздушной Армии,1,16,4
8 Воздушной Армии,1,17,7
8 Воздушной Армии,1,18,10
8 Воздушной Армии,1,19,6
8 Воздушной Армии,2,9,63
8 Воздушной Армии,2,10,2
8 Воздушной Армии,2,12,4
8 Воздушной Армии,2,14,11
8 Воздушной Армии,2,16,26
8 Воздушной Армии,2,18,8
8 Воздушной Армии,2,19,8
8 Воздушной Армии,2,20,1
8 Воздушной Армии,3,9,77
8 Воздушной Армии,3,10,1
8 Воздушной Армии,3,14,11
8 Воздушной Армии,3,16,16
8 Воздушной Армии,3,19,6
8 Воздушной Армии,4,9,10
8 Воздушной Армии,4,16,8
8 Воздушной Армии,4,17,5
95 Гвардейской дивизии,1,4,7
95 Гвардейской дивизии,3,4,11
95 Гвардейской дивизии,3,5,5
Авиаторская,1,9,7
Авиаторская,1,11,2
Авиаторская,1,16,2
Авиаторская,2,8,3
Авиаторская,2,9,5
Авиаторская,2,10,4
Авиаторская,2,11,6
Авиаторская,2,16,2
Авиаторская,3,9,7
Авиаторская,3,16,2
Автомагистральная,1,9,9
Автомагистральная,2,9,25
Автомагистральная,3,9,5
Автомобилистов,1,5,5
Автомобилистов,2,5,21
Автомобилистов,3,5,13
Автомобилистов,4,5,10
Автотранспортная,1,3,3
Автотранспортная,2,5,4
Автотранспортная,3,3,2
Автотранспортная,3,5,7
Аджарская,1,2,10
Аджарская,1,5,6
Аджарская,1,12,30
Аджарская,1,14,1
Аджарская,1,16,1
Аджарская,2,2,4
Аджарская,2,12,10
Аджарская,3,5,15
Адмирала Ушакова,3,4,4
Азовская,4,3,3
Академическая,1,5,13
Академическая,2,5,9
Академическая,3,5,3
Алексеевская,1,5,2
Алексеевская,2,5,24
Алексеевская,2,9,11
Алексеевская,3,5,13
Алексеевская,3,9,4
Алексеевская,4,5,7
Алексеевская,4,9,3
Алийская,1,5,1
Алийская,2,2,3
Алийская,2,5,2
Алийская,3,5,2
Аллея Героев,1,5,1
Аллея Героев,2,6,4
Аллея Героев,2,7,5
Аллея Героев,2,8,8
Аллея Героев,3,7,7
Аллея Героев,3,8,5
Аллея Героев,Студия,9,3
Ангарская,1,2,2
Ангарская,1,5,11
Ангарская,1,9,1
Ангарская,1,10,10
Ангарская,1,16,19
Ангарская,1,17,1
Ангарская,1,19,25
Ангарская,1,23,3
Ангарская,2,2,7
Ангарская,2,5,9
Ангарская,2,8,3
Ангарская,2,9,17
Ангарская,2,10,5
Ангарская,2,11,6
Ангарская,2,12,4
Ангарская,2,16,4
Ангарская,2,17,3
Ангарская,2,18,2
Ангарская,2,19,22
Ангарская,2,21,3
Ангарская,2,23,5
Ангарская,3,5,13
Ангарская,3,6,2
Ангарская,3,8,5
Ангарская,3,9,2
Ангарская,3,12,4
Ангарская,3,15,4
Ангарская,3,16,8
Ангарская,4,5,5
Ангарская,4,6,3
Ангарская,4,10,3
Ангарская,4,16,1
Ангарская,Студия,23,3
Ангарская,Студия,24,1
Андреева,1,5,2
Андреева,2,2,1
Андреева,3,5,5
Анри Барбюса,1,2,1
Анри Барбюса,2,2,11
Аракская,1,5,2
Аракская,2,5,5
Аракская,3,5,4
Ардатовская,1,4,1
Ардатовская,2,4,3
Ардатовская,2,5,4
Ардатовская,2,9,7
Ардатовская,2,10,3
Ардатовская,2,11,1
Ардатовская,3,5,1
Ардатовская,3,10,3
Ардатовская,5,10,3
Аренского,1,5,13
Аренского,4,6,1
Армавирская,1,4,3
Армавирская,1,5,6
Армавирская,2,3,2
Армавирская,2,4,25
Армавирская,2,5,6
Армавирская,3,3,3
Армавирская,3,4,9
Армавирская,4,4,7
Армавирская,Своб.планировка,5,3
Армавирская,Студия,5,8
Арсеньева,1,5,5
Арсеньева,1,9,21
Арсеньева,2,3,3
Арсеньева,2,4,9
Арсеньева,2,5,3
Арсеньева,2,9,7
Арсеньева,3,3,5
Арсеньева,3,4,6
Арсеньева,3,9,13
Арсеньева,4,9,1
Атласова,2,2,5
Ачинский,2,3,2
Ачинский,3,3,5
Ачинскийеулок,3,3,1
Аэропорт,1,3,2
Аэропорт,1,4,2
Аэропорт,1,5,5
Аэропорт,2,3,7
Аэропорт,2,4,3
Аэропорт,2,5,19
Аэропорт,3,3,2
Аэропорт,3,5,4
Аэропорт,4,3,2
Аэропорт,4,5,1
Аэропортовский,1,4,1
Аэропортовский,1,5,3
Аэропортовский,1,10,6
Аэропортовский,1,11,2
Аэропортовский,2,4,2
Аэропортовский,3,4,3
Аэропортовский,4,4,3
Аэрофлотская,1,9,6
Аэрофлотская,1,10,5
Аэрофлотская,2,9,3
Аэрофлотская,2,10,2
Аэрофлотская,3,9,5
Бабича,1,4,4
Бабича,2,4,3
Бажова,1,9,6
Бажова,2,5,13
Бажова,2,9,1
Бажова,5,9,8
Базарова,1,5,1
Базарова,1,6,24
Базарова,1,7,24
Базарова,1,8,3
Базарова,1,9,2
Базарова,2,5,2
Базарова,2,6,15
Базарова,2,7,10
Базарова,2,8,2
Базарова,3,7,3
Байдакова,1,2,6
Байдакова,1,3,2
Байдакова,2,2,7
Байдакова,3,2,2
Бакинская,1,5,5
Бакинская,1,16,4
Бакинская,2,4,4
Бакинская,2,5,16
Бакинская,2,9,9
Бакинская,2,16,6
Бакинская,2,17,2
Бакинская,3,5,4
Бакинская,3,9,5
Бакинская,3,16,2
Бакинская,4,9,8
Бакинская,4,10,7
Бакинская,5,10,3
Бакинская,Студия,16,3
Балакирева,1,9,3
Балакирева,1,10,9
Балакирева,2,10,14
Балакирева,Студия,10,6
Бамбуковая,1,1,6
Банный,1,2,1
Банный,3,2,3
Банныйеулок,1,2,1
Баррикадная,1,5,1
Баррикадная,1,9,4
Баррикадная,1,10,11
Баррикадная,2,3,13
Баррикадная,2,5,10
Баррикадная,2,6,1
Баррикадная,2,10,5
Баррикадная,3,10,2
Батальонная,1,18,8
Батальонная,2,18,9
Батальонная,2,19,1
Батальонная,3,17,6
Батальонная,3,18,8
Батальонная,3,20,2
Батальонная,4,17,4
Батова,1,4,1
Батова,1,5,5
Батова,1,14,7
Батова,2,4,1
Батова,2,5,1
Батова,2,14,7
Баумана,1,5,1
Баумана,1,9,3
Баумана,2,5,4
Баумана,2,9,4
Баумана,3,5,1
Баумана,3,9,5
Баумана,4,5,2
Бахтурова,1,4,9
Бахтурова,1,5,5
Бахтурова,2,3,16
Бахтурова,2,4,3
Бахтурова,2,5,12
Безымянная,1,5,10
Библиотечная,1,9,13
Библиотечная,2,9,25
Библиотечная,3,9,14
Библиотечная,3,10,2
Библиотечная,4,16,8
Бобруйская,1,5,11
Бобруйская,1,9,3
Бобруйская,1,10,1
Бобруйская,2,5,13
Бобруйская,2,9,12
Бобруйская,3,5,16
Бобруйская,Студия,9,3
Богданова,1,2,2
Богданова,1,9,12
Богданова,1,16,5
Богданова,2,2,5
Богданова,2,9,24
Богданова,2,16,6
Богданова,3,9,6
Богданова,3,16,4
Богданова,4,16,8
Богданова,Студия,9,5
Богунская,1,5,8
Богунская,1,9,2
Богунская,2,2,5
Богунская,2,5,17
Богунская,2,9,3
Богунская,3,4,8
Богунская,3,5,8
Богунская,3,9,2
Большая,2,2,3
Большая,3,2,3
Борьбы,1,5,13
Борьбы,2,3,6
Борьбы,2,4,10
Борьбы,2,5,29
Борьбы,3,4,25
Борьбы,3,5,12
Брасовская,2,2,2
Брасовская,3,2,6
Брестская,1,4,1
Брестская,1,5,20
Брестская,2,3,10
Брестская,2,4,8
Брестская,2,5,61
Брестская,3,3,12
Брестская,3,5,21
Брестская,4,5,5
Бурейская,1,3,1
Бурейская,1,9,27
Бурейская,1,16,4
Бурейская,1,17,3
Бурейская,2,2,1
Бурейская,2,3,2
Бурейская,2,4,9
Бурейская,2,9,14
Бурейская,2,16,3
Бурейская,3,5,1
Бурейская,3,9,1
Бурейская,3,12,5
Бурейская,3,14,1
Бурейская,3,16,5
Бурейская,3,17,2
Бурейская,4,12,2
Бурейская,5,9,2
Бутурлиновская,2,1,2
Бутурлиновская,3,2,2
Быкова,1,5,14
Быкова,2,5,23
Быкова,2,9,6
Быкова,3,5,12
Быкова,3,9,5
Быкова,4,5,5
Быстрова,1,5,9
Быстрова,1,9,42
Быстрова,1,10,51
Быстрова,2,2,3
Быстрова,2,5,13
Быстрова,2,8,3
Быстрова,2,9,7
Быстрова,2,10,77
Быстрова,2,11,7
Быстрова,3,5,3
Быстрова,3,9,10
Быстрова,3,10,7
Быстрова,Студия,9,1
Быстрова,Студия,10,4
Быстрова,Студия,11,2
В.И. Ленина,1,7,8
В.И. Ленина,2,4,14
В.И. Ленина,2,5,6
В.И. Ленина,2,6,1
В.И. Ленина,2,7,1
В.И. Ленина,3,4,6
В.И. Ленина,3,8,1
Валентины Терешковой,1,4,20
Валентины Терешковой,1,5,15
Валентины Терешковой,2,2,1
Валентины Терешковой,2,4,19
Валентины Терешковой,2,5,19
Валентины Терешковой,2,6,3
Валентины Терешковой,3,2,2
Валентины Терешковой,3,4,6
Валентины Терешковой,3,5,13
Валентины Терешковой,4,5,12
Варшавская,1,5,2
Варшавская,1,9,14
Варшавская,1,10,2
Варшавская,2,9,4
Варшавская,2,10,4
Варшавская,2,11,1
Варшавская,3,9,1
Ващенко,2,3,10
Вельботная,1,5,4
Вельботная,2,5,4
Вельботная,3,5,3
Вершинина,1,5,8
Вершинина,1,9,4
Вершинина,2,5,14
Вершинина,2,9,1
Вершинина,3,5,4
Вершинина,3,9,3
Веселая Балка,1,2,4
Веселая Балка,1,4,8
Веселая Балка,2,2,27
Веселая Балка,2,3,9
Веселая Балка,2,4,25
Веселая Балка,3,2,8
Веселая Балка,3,3,12
Веселая Балка,3,4,2
Веселая Балка,4,3,2
Вилянская,3,2,1
Владимирская,1,3,19
Владимирская,1,9,6
Владимирская,2,9,42
Владимирская,2,10,4
Владимирская,3,9,21
Владимирская,3,10,5
Водная,2,1,1
Водников,1,5,1
Водников,2,4,7
Водников,2,5,3
Водников,2,9,3
Военный городок,1,5,35
Военный городок,2,5,52
Военный городок,3,5,11
Военный городок,4,5,15
Возрождения,3,2,1
Волгоград,1,16,1
Волгоград,4,16,1
Волгоградская,1,2,3
Волгоградская,1,5,18
Волгоградская,1,9,13
Волгоградская,2,2,4
Волгоградская,2,5,16
Волгоградская,2,9,14
Волгоградская,3,5,14
Волгоградская,3,9,9
Волгоградская,3,10,2
Волжскийпр-кт,2,5,2
Волнистая,4,2,1
Вольная,2,1,3
Воровского,2,2,9
Воронкова,1,2,6
Воронкова,1,4,2
Воронкова,2,4,2
Воронкова,2,9,3
Воронкова,3,9,3
Воронова,1,14,2
Восточная,2,2,3
Восточная,2,3,2
Восточная,3,2,1
ВосточноКазахстанская,1,5,10
ВосточноКазахстанская,2,2,2
ВосточноКазахстанская,2,5,16
ВосточноКазахстанская,3,5,4
ВосточноКазахстанская,3,9,2
Вучетича,1,3,2
Вучетича,1,5,3
Вучетича,1,9,2
Вучетича,1,10,4
Вучетича,2,3,5
Вучетича,2,5,32
Вучетича,3,3,2
Вучетича,3,5,1
Вучетича,3,10,1
Вучетича,4,9,6
Вучетича,4,10,13
Высокая,1,6,14
Высокая,1,8,3
Высокая,1,16,26
Высокая,2,7,7
Высокая,2,8,7
Высокая,2,16,7
Высокая,2,17,6
Высокая,Студия,16,30
Высокая,Студия,17,5
Высокая,Студия,18,1
Гагарина,2,5,11
Гагарина,2,7,6
Гагарина,3,5,10
Гагринская,1,9,1
Гагринская,2,9,8
Гагринская,3,9,16
Гагринская,4,9,8
Гаря Хохолова,1,24,5
Гаря Хохолова,2,24,3
Гаря Хохолова,3,24,1
Гвардии Капитана Курсекова,1,3,4
Гвардии Капитана Курсекова,2,3,2
Гвоздкова,1,5,3
Гвоздкова,2,5,6
Гвоздкова,2,9,1
Гвоздкова,3,5,16
Гвоздкова,3,9,14
Гвоздкова,3,10,3
Гвоздкова,4,9,7
Гвоздкова,5,5,2
Гейне,1,5,30
Гейне,2,5,8
Гейне,2,9,3
Гейне,3,5,8
Гейне,4,9,4
Гейне,4,10,1
Геленджикская,1,2,7
Германа Титова,1,5,38
Германа Титова,1,9,6
Германа Титова,1,10,1
Германа Титова,2,4,5
Германа Титова,2,5,44
Германа Титова,2,6,4
Германа Титова,2,9,25
Германа Титова,3,4,1
Германа Титова,3,5,12
Германа Титова,3,9,9
Германа Титова,4,5,1
Германа Титова,4,6,3
Германа Титова,5,9,3
Героев 29 Стрелковой дивизии,2,4,1
Героев Малой Земли,1,5,3
Героев Малой Земли,1,9,2
Героев Малой Земли,2,2,2
Героев Малой Земли,2,3,5
Героев Малой Земли,2,4,1
Героев Малой Земли,2,5,27
Героев Малой Земли,2,9,7
Героев Малой Земли,3,3,5
Героев Малой Земли,3,5,7
Героев Малой Земли,3,9,1
Героев Малой Земли,4,5,5
Героев Тулы,1,9,22
Героев Тулы,1,10,5
Героев Тулы,2,2,3
Героев Тулы,2,9,25
Героев Тулы,3,9,7
Героев Тулы,4,9,3
Героев Шипки,1,5,8
Героев Шипки,1,9,6
Героев Шипки,1,10,23
Героев Шипки,2,2,4
Героев Шипки,2,5,2
Героев Шипки,2,9,7
Героев Шипки,2,10,41
Героев Шипки,3,5,4
Героев Шипки,3,9,4
Героев Шипки,3,10,7
Героев Шипки,4,9,7
Героев Шипки,4,10,13
Гидростроителей,1,9,2
Гидростроителей,1,16,4
Глазкова,1,5,4
Глазкова,1,9,1
Глазкова,1,10,33
Глазкова,1,11,6
Глазкова,2,5,3
Глазкова,2,9,2
Глазкова,2,10,14
Глазкова,2,11,4
Глазкова,3,5,6
Глазкова,3,10,26
Глазкова,3,19,3
Глазкова,3,20,3
Глазкова,4,5,3
Глазкова,4,9,3
Глазкова,4,10,2
Глазкова,Своб.планировка,19,1
Глазкова,Студия,11,1
Гнесиных,2,5,15
Гнесиных,3,5,3
Гнесиных,4,5,6
Гоголя,2,6,2
Гоголя,3,6,2
Голубева,1,4,4
Голубева,1,5,3
Голубева,2,3,16
Голубева,2,4,11
Голубева,2,5,1
Голубева,3,4,2
Голубева,3,5,1
Голубева,4,5,2
Голубева,4,10,7
Голубинская,1,9,2
Голубинская,2,5,2
Голубинская,2,10,4
Голубинская,3,5,2
Голубинская,3,9,3
Голубинская,3,10,5
Голубинская,4,10,4
Голубятникова,1,2,3
Голубятникова,1,4,10
Голубятникова,1,5,6
Голубятникова,1,9,3
Голубятникова,2,2,7
Голубятникова,2,4,8
Голубятникова,2,5,3
Голубятникова,2,9,6
Голубятникова,3,2,2
Голубятникова,3,4,6
Голубятникова,3,5,5
Гомельская,1,23,1
Гомельская,1,25,1
Гомельская,2,23,2
Гомельская,2,25,6
Гомельская,3,27,2
Гомельская,Студия,24,3
Городнянская,3,2,1
Городнянская,3,3,2
Гороховцев,1,5,6
Гороховцев,1,9,16
Гороховцев,1,16,7
Гороховцев,2,5,8
Гороховцев,2,9,14
Гороховцев,3,5,7
Гороховцев,3,9,19
Гороховцев,3,16,4
Гороховцев,4,5,6
Гороховцев,4,9,12
Гороховцев,4,16,2
Горячеводская,2,3,3
Гражданская,1,9,15
Гражданская,2,4,10
Гражданская,2,9,79
Гражданская,3,5,1
Гражданская,3,9,44
Гражданская,3,10,5
Гражданская,4,4,1
Гражданская,4,9,3
Грамши,1,9,8
Грамши,2,9,8
Грамши,3,9,25
Грамши,4,9,5
Гранатовая,1,1,1
Гремячинская,1,4,6
Гремячинская,1,5,28
Гремячинская,1,9,11
Гремячинская,2,3,3
Гремячинская,2,5,15
Гремячинская,2,9,5
Гремячинская,3,5,9
Гремячинская,3,9,7
Гремячинская,4,3,1
Грибанова,1,3,68
Грибанова,1,4,25
Грибанова,1,5,6
Грибанова,2,3,7
Грибанова,2,4,4
Грибанова,2,5,5
Грибанова,3,3,4
Гродненская,1,2,3
Гродненская,1,5,2
Гродненская,2,2,4
Гродненская,2,5,8
Гродненская,3,2,3
Гродненская,4,5,5
Гроссмана,2,5,2
Грузинская,2,3,4
Грушевская,1,9,5
Грушевская,2,9,3
Грушевская,2,15,3
Грушевская,2,16,18
Грушевская,3,9,2
Грушевская,3,16,9
Грушевская,4,9,2
Грушевская,Студия,9,1
Губкина,1,4,19
Губкина,1,5,4
Губкина,2,4,14
Губкина,2,5,4
Губкина,3,4,14
Гули Королевой,1,5,11
Гули Королевой,2,5,16
Гули Королевой,3,5,4
Даугавская,1,4,1
Даугавская,1,5,9
Даугавская,1,7,1
Даугавская,1,9,12
Даугавская,1,10,1
Даугавская,2,2,1
Даугавская,2,4,5
Даугавская,2,5,65
Даугавская,2,9,5
Даугавская,3,5,8
Двинская,1,8,3
Двинская,1,9,5
Двинская,1,10,1
Двинская,2,2,3
Двинская,2,9,21
Двинская,2,10,6
Двинская,2,11,2
Двинская,3,9,43
Двинская,3,10,6
Двинская,4,2,2
Двинская,4,9,2
Дегтярева,1,4,11
Дегтярева,1,5,49
Дегтярева,2,4,7
Дегтярева,2,5,57
Дегтярева,3,3,1
Дегтярева,3,4,23
Дегтярева,3,5,24
Дегтярева,Студия,5,2
Демократический,2,5,4
Демократический,3,5,2
Демократическийеулок,1,5,1
Демьяна Бедного,1,16,8
Демьяна Бедного,1,17,3
Демьяна Бедного,2,2,2
Демьяна Бедного,2,4,2
Демьяна Бедного,2,5,1
Демьяна Бедного,2,16,5
Демьяна Бедного,2,17,3
Демьяна Бедного,3,2,3
Демьяна Бедного,Студия,16,3
Депутатская,1,5,10
Депутатская,1,11,1
Депутатская,2,5,51
Депутатская,3,10,1
Депутатская,4,11,6
Депутатская,5,11,2
Дзержинского,1,4,10
Дзержинского,1,5,72
Дзержинского,1,9,28
Дзержинского,2,4,27
Дзержинского,2,5,67
Дзержинского,3,4,26
Дзержинского,3,5,31
Дзержинского,3,6,1
Дзержинского,4,5,10
Днепрогэсовская,3,2,1
Днестровская,1,5,5
Днестровская,1,9,2
Днестровская,1,10,22
Днестровская,1,11,3
Днестровская,2,4,3
Днестровская,2,10,3
Днестровская,2,11,3
Днестровская,3,5,5
Днестровская,3,9,1
Днестровская,3,10,3
Днестровская,Студия,10,1
Добрушина,1,3,21
Добрушина,2,3,15
Донецкая,1,9,26
Донецкая,1,18,22
Донецкая,1,25,3
Донецкая,2,9,13
Донецкая,2,18,16
Донецкая,2,20,3
Донецкая,2,25,7
Донецкая,3,9,6
Донецкая,3,16,1
Донецкая,3,18,3
Донецкая,3,25,11
Донецкая,3,26,2
Донецкая,Студия,25,2
Доценко,1,5,5
Доценко,1,9,9
Доценко,2,4,4
Доценко,2,5,13
Доценко,3,4,1
Доценко,3,5,5
Доценко,3,9,5
Доценко,4,4,2
Дружбы,2,2,4
Дружбы,3,2,3
Дубовская,1,5,2
Дубовская,2,5,12
Дубовская,3,5,15
Дымченко,1,5,1
Дымченко,2,5,13
Дымченко,2,16,10
Дымченко,3,5,15
Дымченко,3,9,7
Дымченко,3,16,8
Дымченко,4,5,8
Егорьевская,2,2,7
Егорьевская,2,5,1
Елецкая,1,9,16
Елецкая,2,5,17
Елецкая,2,9,38
Елецкая,3,5,2
Елецкая,3,9,22
Елецкая,3,16,7
Елецкая,4,5,3
Елецкая,4,9,7
Елисеева,1,5,11
Елисеева,1,9,9
Елисеева,1,16,16
Елисеева,1,17,5
Елисеева,2,5,19
Елисеева,2,9,33
Елисеева,2,16,1
Елисеева,3,5,20
Елисеева,3,9,15
Елисеева,3,16,7
Елисеева,4,16,1
Енотаевская,4,2,9
Ессентукская,1,5,11
Ессентукская,1,9,14
Ессентукская,2,5,3
Ессентукская,2,9,13
Ессентукская,3,5,2
Ессентукская,3,9,1
Ессентукская,Студия,9,5
Жигулевская,3,5,1
Жирновская,1,2,3
Жирновская,1,5,23
Жирновская,2,5,1
Жирновская,3,5,3
Жирновская,3,9,2
Жолудева,1,5,22
Жолудева,1,9,11
Жолудева,2,4,5
Жолудева,2,5,7
Жолудева,2,9,29
Жолудева,3,4,14
Жолудева,3,5,20
Жолудева,3,9,8
Загорская,1,5,18
Загорская,1,9,1
Загорская,2,5,57
Загорская,2,9,1
Загорская,2,12,6
Загорская,3,5,11
Загорская,3,9,3
Загорская,3,12,12
Загорская,3,16,1
Загорская,4,9,12
Загорская,4,10,4
Закавказская,1,5,5
Закавказская,1,9,3
Закавказская,1,10,1
Закавказская,1,16,8
Закавказская,2,5,6
Закавказская,2,9,3
Закавказская,2,16,3
Закавказская,3,5,3
Закавказская,3,9,1
Закавказская,3,16,7
Закавказская,4,9,2
Заполярная,1,1,5
Запорожская,1,5,2
Запорожская,2,4,5
Запорожская,2,5,3
Запорожская,3,4,17
Запорожская,4,4,5
Зевина,1,3,2
Зевина,2,3,10
Зевина,3,3,2
Зеленогорская,2,2,10
Зеленогорская,3,2,2
Зеленогорская,4,4,2
Землянского,1,5,1
Землянского,1,9,1
Землянского,2,5,12
Землянского,3,5,16
Землянского,4,5,1
Землячки,1,5,1
Землячки,1,9,68
Землячки,1,10,11
Землячки,1,16,2
Землячки,1,17,10
Землячки,2,5,15
Землячки,2,9,99
Землячки,2,10,4
Землячки,2,15,2
Землячки,2,16,1
Землячки,2,17,18
Землячки,3,5,3
Землячки,3,9,52
Землячки,3,10,24
Землячки,3,16,7
Землячки,4,9,14
Землячки,4,10,2
Землячки,5,9,3
Зенитчиков,2,2,3
Зерноградская,1,4,5
Зерноградская,1,5,22
Зерноградская,2,4,4
Зерноградская,2,5,12
Зерноградская,3,5,3
Зины Маресевой,1,5,23
Зины Маресевой,1,9,3
Зины Маресевой,2,5,6
Зины Маресевой,2,9,12
Зины Маресевой,3,5,5
Ивана Морозова,1,9,8
Ивана Морозова,1,10,4
Ивана Морозова,2,9,14
Ивана Морозова,2,10,1
Ивана Морозова,3,9,14
Ивана Морозова,3,10,4
Ивана Морозова,4,9,6
Ивана Морозова,4,10,1
Ивана Федорова,1,4,3
Ивана Федорова,3,4,8
Ивана Франко,2,2,1
Ивана Франко,4,2,8
Ивановского,1,9,13
Ивановского,2,9,14
Изобильная,1,9,11
Изобильная,2,9,31
Изобильная,3,9,15
Изобильная,4,6,2
Изоляторная,1,5,2
Изоляторная,2,5,3
Инженерная,2,1,3
Инициативная,1,3,18
Инициативная,2,3,2
Инициативная,3,3,1
Иркутская,1,5,5
Иркутская,2,5,9
Иркутская,3,5,8
Историческая,1,5,5
Историческая,1,16,6
Историческая,2,5,17
Историческая,2,16,13
Историческая,3,5,6
Историческая,3,16,8
КИМ,1,5,7
КИМ,2,5,9
КИМ,3,3,1
КИМ,3,5,7
КИМ,4,3,6
Казахская,1,4,2
Казахская,1,5,43
Казахская,1,9,5
Казахская,1,16,2
Казахская,2,4,31
Казахская,2,5,10
Казахская,2,9,45
Казахская,3,5,13
Казахская,3,9,18
Казахская,3,10,2
Казахская,3,16,2
Казахская,4,9,7
Казахская,Студия,9,2
Калеганова,1,5,10
Калеганова,2,5,10
Калеганова,3,5,18
Калинина,1,28,4
Калинина,2,5,5
Калинина,2,11,1
Калинина,2,12,4
Калинина,2,27,4
Калинина,3,12,4
Калинина,3,27,2
Калинина,3,28,2
Калининградская,1,4,2
Калининградская,1,5,3
Калининградская,1,9,4
Калининградская,2,2,2
Калининградская,2,4,1
Калининградская,2,5,4
Калининградская,2,9,4
Калининградская,3,2,2
Калининградская,3,4,3
Каменская,1,9,2
Каменская,2,9,2
Каменская,3,9,2
Канунникова,1,5,30
Канунникова,2,5,1
Канунникова,2,10,5
Канунникова,3,5,4
Канунникова,3,9,4
Канунникова,3,10,3
Капитана Тряскина,1,2,1
Капитана Тряскина,2,2,4
Капитана Тряскина,3,2,2
Караванная,1,9,9
Караванная,2,9,32
Караванная,3,9,18
Карла Либкнехта,1,9,4
Карла Либкнехта,1,10,4
Карла Либкнехта,2,9,2
Карла Либкнехта,3,1,2
Карла Либкнехта,3,9,4
Карла Маркса,1,5,16
Карла Маркса,1,13,2
Карла Маркса,2,5,27
Карла Маркса,2,9,41
Карла Маркса,2,10,3
Карла Маркса,3,5,2
Карла Маркса,3,9,18
Карла Маркса,3,13,2
Карла Маркса,Студия,5,2
Кастерина,1,9,4
Кастерина,1,10,1
Кастерина,1,20,23
Кастерина,2,9,10
Кастерина,3,9,6
Кастерина,Студия,20,3
Качалова,1,9,1
Качалова,2,5,7
Качалова,2,9,3
Качалова,3,9,2
Качинцев,1,3,4
Качинцев,1,5,11
Качинцев,1,9,7
Качинцев,2,3,6
Качинцев,2,5,9
Качинцев,2,9,9
Качинцев,2,10,5
Качинцев,3,4,3
Качинцев,3,5,11
Качинцев,4,10,6
Квартальный,1,4,7
Квартальный,Студия,4,1
Кирова,1,5,44
Кирова,1,9,23
Кирова,1,10,6
Кирова,2,5,104
Кирова,2,9,33
Кирова,2,10,1
Кирова,2,14,4
Кирова,3,5,37
Кирова,3,9,51
Кирова,3,10,9
Кирова,3,14,2
Кирова,4,5,16
Кирова,4,9,26
Кирова,4,16,2
Кировский район,1,2,1
Кировский район,2,2,1
Кировский район,2,3,1
Кирпичного Завода № 2,2,1,4
Кирпичного Завода № 2,3,2,2
Кирпичного Завода № 8,1,2,1
Кирпичного Завода № 8,2,2,4
Кирпичного Завода № 8,3,2,2
Клары Цеткин,1,9,7
Клары Цеткин,1,10,3
Клары Цеткин,2,9,2
Клименко,1,5,7
Клименко,1,9,5
Клименко,2,5,10
Клименко,4,5,2
Клинская,1,9,3
Клинская,3,9,6
Клубная,1,2,2
Клубная,3,4,2
Клубная,4,2,3
Клубный,1,2,2
Ковенская,2,2,2
Ковенская,3,2,3
Ковровская,2,5,4
Козака,1,4,18
Козака,1,5,3
Козака,2,4,14
Козака,3,4,12
Козака,3,5,3
Козловская,1,2,16
Козловская,1,4,9
Козловская,1,5,26
Козловская,1,16,3
Козловская,1,17,7
Козловская,2,3,2
Козловская,2,4,6
Козловская,2,5,20
Козловская,2,9,1
Козловская,2,14,3
Козловская,2,16,6
Козловская,2,17,11
Козловская,3,2,2
Козловская,3,4,18
Козловская,3,5,5
Козловская,3,14,1
Козловская,3,15,2
Козловская,3,16,4
Козловская,3,17,7
Козловская,4,4,9
Козьмы Минина,1,4,8
Козьмы Минина,1,9,3
Козьмы Минина,2,4,1
Козьмы Минина,2,9,10
Козьмы Минина,3,4,8
Козьмы Минина,3,5,1
Козьмы Минина,3,9,2
Колосовая,1,9,2
Колосовая,1,10,17
Колосовая,1,16,5
Колосовая,2,9,19
Колосовая,2,10,18
Колосовая,3,9,22
Колосовая,3,10,2
Колосовая,3,16,2
Колпинская,1,5,20
Колпинская,1,9,11
Колпинская,2,2,3
Колпинская,2,5,9
Колпинская,2,9,5
Колпинская,3,5,15
Колпинская,3,9,3
Колпинская,4,5,6
Колумба,1,9,30
Колумба,2,9,22
Колумба,3,9,2
Командира Рудь,Студия,1,5
Комиссара Щербины,5,5,8
Комитетская,1,2,3
Комитетская,1,5,3
Комитетская,2,2,2
Комитетская,2,3,3
Комитетская,2,5,9
Комитетская,3,3,1
Комитетская,3,5,5
Комитетская,4,5,3
Коммунальная,1,5,14
Коммунальная,2,5,9
Коммунальная,Студия,5,1
Коммунистическая,1,5,1
Коммунистическая,2,4,7
Коммунистическая,2,5,51
Коммунистическая,2,6,11
Коммунистическая,2,16,2
Композитора Танеева,1,5,9
Композитора Танеева,1,9,2
Композитора Танеева,2,5,35
Композитора Танеева,2,9,8
Композитора Танеева,3,5,16
Композитора Танеева,3,9,5
Комсомольская,1,6,2
Комсомольская,1,7,7
Комсомольская,1,8,1
Комсомольская,2,6,3
Комсомольская,2,7,21
Комсомольская,3,6,1
Комсомольская,3,7,16
Комсомольская,4,6,1
Константина Симонова,1,9,31
Константина Симонова,2,9,58
Константина Симонова,2,10,1
Константина Симонова,3,9,45
Константина Симонова,4,9,12
Копецкого,1,3,3
Копецкого,1,9,13
Копецкого,2,3,4
Копецкого,2,9,2
Короткая,1,5,2
Короткая,2,4,6
Короткая,2,5,6
Короткая,2,9,23
Короткая,3,4,5
Короткая,3,9,11
Корпусная,2,2,12
Корпусная,3,2,2
Корпусная,3,3,2
Космонавтов,1,9,33
Космонавтов,1,10,2
Космонавтов,1,12,8
Космонавтов,1,16,5
Космонавтов,2,4,3
Космонавтов,2,9,33
Космонавтов,2,10,3
Космонавтов,2,12,4
Космонавтов,2,16,3
Космонавтов,3,4,5
Космонавтов,3,9,33
Космонавтов,3,16,3
Космонавтов,4,9,6
Космонавтов,4,16,4
Космонавтов,4,17,3
Костромской,1,4,2
Костромской,2,4,4
Костромской,Студия,4,6
Костромскойеулок,1,4,3
Костромскойеулок,Студия,4,1
Костюченко,1,2,2
Костюченко,1,3,21
Костюченко,1,5,17
Костюченко,2,2,6
Костюченко,2,3,2
Костюченко,2,5,33
Костюченко,3,2,1
Костюченко,3,5,13
Костюченко,4,5,15
Костюченко,Студия,5,1
Краснодонский,1,5,1
Краснодонский,2,5,2
Краснодонскийеулок,1,5,1
Краснодонскийеулок,2,5,1
Краснознаменская,1,5,2
Краснознаменская,2,5,27
Краснознаменская,2,6,8
Краснознаменская,2,9,18
Краснознаменская,2,10,3
Краснознаменская,3,5,5
Краснознаменская,3,9,1
Краснознаменская,3,22,4
Краснознаменская,3,23,3
Краснознаменская,4,5,2
Краснознаменская,4,9,1
Краснополянская,1,3,5
Краснополянская,1,4,2
Краснополянская,1,5,17
Краснополянская,1,9,3
Краснополянская,2,3,11
Краснополянская,2,5,106
Краснополянская,2,9,4
Краснополянская,2,12,6
Краснополянская,3,4,1
Краснополянская,3,5,22
Краснополянская,3,9,2
Краснополянская,4,5,7
Краснопресненская,1,5,2
Краснопресненская,1,16,3
Краснопресненская,1,17,2
Краснопресненская,1,18,8
Краснопресненская,2,2,1
Краснопресненская,2,3,3
Краснопресненская,2,5,4
Краснопресненская,3,2,3
Краснопресненская,3,3,11
Краснопресненская,4,3,5
Краснопресненская,Студия,3,2
Краснослободская,3,9,3
Краснослободская,3,12,2
Крепильная,2,4,3
Крестьянская,1,2,3
Кропоткина,1,9,4
Кропоткина,1,16,1
Кропоткина,2,9,13
Кропоткина,3,9,10
Кропоткина,4,9,4
Кропоткина,Студия,9,1
Кубанская,1,12,3
Кубанская,2,2,5
Кубанская,2,9,2
Кубанская,2,10,3
Кубанская,2,12,4
Кубанская,2,13,3
Кубанская,3,12,3
Кубанская,4,12,2
Кубанская,4,13,1
Кузнецкая,1,3,1
Кузнецкая,1,5,7
Кузнецкая,1,9,22
Кузнецкая,1,16,7
Кузнецкая,2,2,11
Кузнецкая,2,3,16
Кузнецкая,2,5,1
Кузнецкая,2,9,21
Кузнецкая,2,10,8
Кузнецкая,2,11,5
Кузнецкая,2,16,19
Кузнецкая,3,3,5
Кузнецкая,3,5,3
Кузнецкая,3,9,33
Кузнецкая,3,10,2
Кузнецкая,3,16,5
Кузнецкая,4,5,6
Кузнецкая,4,9,9
Кузнецкая,5,9,2
Кузнецова,1,3,5
Кузнецова,1,5,14
Кузнецова,1,9,2
Кузнецова,1,17,1
Кузнецова,2,3,5
Кузнецова,2,4,19
Кузнецова,2,5,59
Кузнецова,2,9,2
Кузнецова,2,18,2
Кузнецова,3,3,1
Кузнецова,3,4,15
Кузнецова,3,5,28
Кузнецова,3,8,3
Кузнецова,3,9,5
Куйбышева,1,5,16
Куйбышева,2,5,10
Куйбышева,3,5,8
Кунцевская,2,2,3
Кунцевская,2,4,3
Кунцевская,3,2,2
Курильская,1,9,23
Курильская,1,10,3
Курильская,2,9,19
Курильская,2,10,6
Курильская,3,9,1
Куринская,2,10,10
Куринская,3,10,3
Куринская,4,10,3
Курчатова,1,4,5
Курчатова,1,5,5
Курчатова,1,14,2
Курчатова,2,5,9
Курчатова,2,14,7
Курчатова,3,4,3
Курчатова,3,5,1
Кутузовская,1,5,1
Кутузовская,3,5,5
Кутузовская,4,5,5
Лавочкина,1,5,19
Лавочкина,1,9,13
Лавочкина,1,10,2
Лавочкина,1,15,8
Лавочкина,1,17,5
Лавочкина,1,22,12
Лавочкина,1,23,5
Лавочкина,2,5,25
Лавочкина,2,9,8
Лавочкина,2,12,3
Лавочкина,2,15,1
Лавочкина,2,16,4
Лавочкина,2,17,10
Лавочкина,2,22,43
Лавочкина,2,23,3
Лавочкина,3,5,4
Лавочкина,3,12,1
Лавочкина,3,22,12
Лавочкина,Своб.планировка,23,1
Лавочкина,Студия,22,1
Лазоревая,1,4,12
Лазоревая,1,5,18
Лазоревая,2,3,3
Лазоревая,2,4,18
Лазоревая,2,5,5
Лазоревая,3,3,2
Лазоревая,3,4,6
Лазоревая,3,5,7
Лазоревая,Своб.планировка,5,1
Лермонтова,1,10,2
Лермонтова,2,9,2
Лермонтова,2,10,1
Лермонтова,3,9,1
Линейная,1,4,4
Линейная,2,4,5
Липецкая,2,5,11
Липецкая,2,9,2
Липецкая,3,4,2
Липецкая,3,5,4
Липецкая,3,9,7
Логовская,1,5,44
Логовская,1,6,1
Логовская,2,5,4
Лодыгина,3,4,8
Лодыгина,3,5,2
Лодыгина,4,3,2
Ломакина,1,3,3
Ломакина,2,3,3
Ломакина,2,4,19
Ломакина,2,5,3
Ломакина,2,9,3
Ломакина,3,4,8
Ломакина,3,5,14
Ломакина,3,10,1
Луговая,2,9,12
Луговая,3,9,26
Луговского,1,5,5
Луговского,1,10,3
Луговского,1,14,14
Луговского,2,5,20
Луговского,2,10,13
Луговского,2,14,10
Луговского,3,5,14
Луговского,3,14,2
Льва Толстого,1,9,6
Льва Толстого,1,10,17
Льва Толстого,2,5,4
Льва Толстого,2,9,8
Льва Толстого,2,10,10
Льва Толстого,2,11,2
Льва Толстого,3,10,23
Льговская,1,5,4
Льговская,2,5,46
Льговская,3,5,10
Льговская,4,5,6
Лячина,1,10,7
Лячина,2,10,4
Малиновского,1,3,1
Малиновского,1,5,7
Малиновского,1,9,10
Малиновского,2,5,9
Малиновского,2,9,17
Малиновского,Студия,5,12
Малиновского,Студия,9,14
Марийская,1,3,2
Марийская,1,4,5
Марийская,2,3,2
Марийская,2,4,8
Марийская,3,3,4
Марийская,3,4,2
Марийская,4,3,7
Мариупольская,2,5,10
Мариупольская,3,5,2
Мачтозаводская,1,3,3
Мачтозаводская,1,4,7
Мачтозаводская,2,2,10
Мачтозаводская,2,4,16
Мачтозаводская,2,5,3
Мачтозаводская,3,2,2
Мачтозаводская,3,4,9
Межевая,2,2,2
Мелиораторов,2,2,3
Мелиораторов,3,2,8
Менжинского,1,9,36
Менжинского,1,10,1
Менжинского,2,9,85
Менжинского,2,10,2
Менжинского,3,9,62
Менжинского,3,10,1
Менжинского,4,9,2
Металлургов,2,1,5
Метростроевская,2,5,4
Метростроевская,2,9,11
Метростроевская,3,5,8
Метростроевская,3,9,1
Микрорайон,1,2,4
Микрорайон,2,2,3
Милиционера Буханцева,1,3,2
Милиционера Буханцева,1,5,17
Милиционера Буханцева,1,9,9
Милиционера Буханцева,2,1,2
Милиционера Буханцева,2,5,22
Милиционера Буханцева,2,9,25
Милиционера Буханцева,2,10,11
Милиционера Буханцева,2,16,12
Милиционера Буханцева,2,17,1
Милиционера Буханцева,3,3,1
Милиционера Буханцева,3,5,18
Милиционера Буханцева,3,9,33
Милиционера Буханцева,3,10,1
Милиционера Буханцева,4,3,3
Милиционера Буханцева,4,9,19
Милиционера Буханцева,4,11,3
Милиционера Буханцева,4,18,2
Милиционера Буханцева,5,9,2
Минская,1,4,4
Минская,2,4,12
Мира,1,5,1
Мира,1,6,5
Мира,2,3,7
Мира,2,4,3
Мира,2,5,5
Мира,2,6,6
Мира,2,7,2
Мира,3,3,3
Мира,3,4,11
Мира,4,3,6
Мира,4,4,4
Мира,4,5,6
Мира,Студия,6,2
Мирный,1,2,4
Мирный,1,4,2
Мирный,2,2,11
Михаила Паникахи,1,2,2
Михаила Паникахи,1,3,12
Михаила Паникахи,2,1,6
Михаила Паникахи,2,3,3
Мичурина,1,2,2
Мичурина,1,9,4
Мичурина,2,9,6
Могилевича,1,5,6
Могилевича,2,5,2
Могилевича,3,5,19
Могилевича,4,5,6
Моздокская,1,5,4
Моздокская,2,5,11
Молодежная,2,4,3
Морская,3,2,1
Московская,1,2,8
Московская,1,11,3
Московская,1,12,2
Московская,2,2,1
Московская,2,4,2
Московская,2,9,2
Московская,2,11,2
Московская,3,2,1
Моцарта,3,3,2
Мукачевская,2,2,6
Мусоргского,2,2,1
Мясникова,1,9,3
Мясникова,2,5,32
Мясникова,3,5,13
Мясникова,4,5,7
Нарвская,1,9,8
Нарвская,2,9,17
Нарвская,2,10,1
Нарвская,3,9,10
Нарвская,3,10,10
Нарвская,4,10,9
Наумова,1,5,1
Наумова,2,5,10
Наумова,Студия,5,1
Невская,1,5,27
Невская,1,8,1
Невская,1,9,82
Невская,1,10,6
Невская,2,4,3
Невская,2,5,5
Невская,2,9,19
Невская,2,10,5
Невская,2,15,3
Невская,2,16,3
Невская,3,5,26
Невская,3,9,46
Невская,3,15,3
Невская,3,16,5
Невская,3,17,1
Невская,4,9,15
Невская,Студия,9,3
Неждановой,2,2,3
Неждановой,3,2,8
Нежинская,1,2,3
Нежинская,2,3,10
Нестерова,1,9,1
Нестерова,1,10,8
Нестерова,2,10,2
Нестерова,3,10,2
Никитина,1,5,1
Никитина,1,6,1
Никитина,1,9,11
Никитина,1,10,3
Никитина,1,16,13
Никитина,2,5,3
Никитина,2,9,1
Никитина,2,16,4
Никитина,3,5,2
Никитина,3,9,5
Никитина,3,16,6
Никитина,4,9,4
Никитина,4,16,11
Никитина,5,16,2
Николаевская,1,5,11
Николаевская,1,9,3
Николаевская,2,5,19
Николаевская,3,5,5
Николаевская,3,9,4
Николая Отрады,1,9,74
Николая Отрады,1,10,69
Николая Отрады,1,11,2
Николая Отрады,1,13,8
Николая Отрады,1,16,2
Николая Отрады,2,8,3
Николая Отрады,2,9,23
Николая Отрады,2,10,8
Николая Отрады,2,16,5
Николая Отрады,3,8,1
Николая Отрады,3,9,38
Николая Отрады,3,10,15
Николая Отрады,3,11,5
Николая Отрады,3,14,1
Николая Отрады,3,16,1
Николая Отрады,4,9,11
Николая Отрады,4,10,11
Николая Отрады,5,10,4
Новодвинская,1,4,14
Новодвинская,1,9,14
Новодвинская,2,2,5
Новодвинская,2,3,8
Новодвинская,2,5,2
Новодвинская,2,9,11
Новодвинская,2,12,3
Новодвинская,3,4,2
Новодвинская,3,5,6
Новодвинская,3,9,1
Новоремесленная,1,9,8
Новоремесленная,1,10,13
Новоремесленная,1,16,8
Новоремесленная,2,9,5
Новоремесленная,2,10,19
Новоремесленная,2,11,4
Новоремесленная,2,16,3
Новоремесленная,3,10,5
Новоремесленная,Студия,16,7
Новороссийская,1,5,4
Новороссийская,1,9,4
Новороссийская,1,10,4
Новороссийская,1,11,1
Новороссийская,1,16,3
Новороссийская,1,17,5
Новороссийская,1,18,4
Новороссийская,1,20,2
Новороссийская,1,21,4
Новороссийская,1,24,4
Новороссийская,1,25,6
Новороссийская,2,5,1
Новороссийская,2,9,4
Новороссийская,2,10,4
Новороссийская,2,11,1
Новороссийская,2,17,2
Новороссийская,2,18,15
Новороссийская,2,20,9
Новороссийская,2,22,22
Новороссийская,2,23,5
Новороссийская,2,24,26
Новороссийская,2,25,35
Новороссийская,3,2,1
Новороссийская,3,3,6
Новороссийская,3,9,4
Новороссийская,3,10,3
Новороссийская,3,11,3
Новороссийская,3,14,1
Новороссийская,3,17,6
Новороссийская,3,18,12
Новороссийская,3,22,1
Новороссийская,3,24,2
Новороссийская,3,25,4
Новороссийская,Студия,18,5
Новороссийская,Студия,24,2
Новорядская,1,5,5
Новорядская,2,5,9
Новорядская,3,5,7
Новорядская,4,5,9
Новосибирская,2,5,1
Новосибирская,2,9,2
Новосибирская,3,5,1
Новосибирская,3,9,1
Новостроевская,1,2,2
Новостроевская,3,3,1
Новоузенская,1,14,19
Новоузенская,1,16,3
Новоузенская,1,17,2
Новоузенская,1,18,10
Новоузенская,2,14,3
Новоузенская,2,17,11
Новоузенская,2,18,21
Новоузенская,3,9,25
Новоузенская,3,14,10
Новоузенская,3,15,1
Новоузенская,3,16,1
Новоузенская,3,18,6
Новоузенская,4,14,19
Ногина,1,3,4
Ногина,2,3,4
Ногина,3,3,2
Обводный,2,4,4
Обливская,1,2,2
Обливская,2,2,2
Огарева,1,5,3
Огарева,1,9,2
Огарева,2,9,3
Огарева,3,5,16
Огарева,3,9,2
Одоевского,1,5,7
Одоевского,1,9,6
Одоевского,2,4,7
Одоевского,2,5,40
Одоевского,2,9,1
Одоевского,3,5,5
Одоевского,3,9,9
Одоевского,4,5,2
Октябрьская,2,2,6
Олимпийская,1,4,6
Олимпийская,2,2,4
Олимпийская,2,4,15
Ольги Форш,1,3,2
Ольги Форш,1,6,2
Ольги Форш,2,3,2
Ольги Форш,3,3,3
Ольгинская,2,1,2
Ополченская,1,5,43
Ополченская,1,6,6
Ополченская,2,2,3
Ополченская,2,4,8
Ополченская,2,5,78
Ополченская,2,6,2
Ополченская,2,9,10
Ополченская,3,2,2
Ополченская,3,4,4
Ополченская,3,5,30
Ополченская,3,9,4
Ополченская,4,5,6
Ополченская,Студия,4,2
Осетинская,2,3,3
Остравская,1,4,1
Остравская,1,14,15
Остравская,2,5,10
Остравская,2,8,1
Остравская,2,9,26
Остравская,2,14,4
Остравская,3,4,4
Остравская,3,5,10
Остравская,3,9,14
Остравская,3,14,3
Очаковская,2,3,23
Очаковская,4,2,2
Палласовская,2,2,3
Панферова,1,9,18
Панферова,1,10,3
Панферова,2,9,14
Панферова,2,10,4
Панферова,3,9,18
Панферова,3,10,4
Панферова,4,9,10
Панферова,4,10,3
Панферова,5,9,11
Панферова,5,10,3
Панфиловская,1,5,2
Панфиловская,2,5,2
Парковая,1,3,5
Парковая,2,3,3
Пархоменко,1,5,24
Пархоменко,1,6,1
Пархоменко,1,9,13
Пархоменко,1,10,6
Пархоменко,1,12,2
Пархоменко,1,13,4
Пархоменко,1,15,2
Пархоменко,1,16,41
Пархоменко,1,18,6
Пархоменко,1,19,4
Пархоменко,1,21,1
Пархоменко,1,23,2
Пархоменко,2,4,3
Пархоменко,2,5,21
Пархоменко,2,6,1
Пархоменко,2,9,17
Пархоменко,2,10,3
Пархоменко,2,12,1
Пархоменко,2,13,1
Пархоменко,2,14,1
Пархоменко,2,15,2
Пархоменко,2,16,34
Пархоменко,2,17,5
Пархоменко,2,18,7
Пархоменко,2,19,28
Пархоменко,2,21,1
Пархоменко,3,5,12
Пархоменко,3,6,4
Пархоменко,3,7,4
Пархоменко,3,8,1
Пархоменко,3,9,16
Пархоменко,3,13,5
Пархоменко,3,14,3
Пархоменко,3,16,31
Пархоменко,3,17,4
Пархоменко,3,19,5
Пархоменко,4,6,6
Пархоменко,4,9,5
Пархоменко,4,14,1
Пархоменко,4,15,1
Пархоменко,4,16,1
Пархоменко,Студия,13,2
Пархоменко,Студия,16,1
Пархоменко,Студия,18,1
Пархоменко,Студия,19,21
Патриса Лумумбы,2,4,1
Пельше,1,5,5
Пельше,1,6,4
Пельше,1,9,2
Пельше,2,2,6
Пельше,2,5,18
Пельше,3,5,4
Пельше,3,9,1
Первомайская,2,2,3
Песчанокопская,1,9,26
Песчанокопская,1,10,4
Песчанокопская,2,9,50
Песчанокопская,2,10,4
Петра Гончарова,1,5,1
Петра Гончарова,2,5,21
Петра Гончарова,2,9,2
Петра Гончарова,3,5,6
Петра Гончарова,4,5,7
Петровская,1,9,1
Петровская,1,10,1
Петровская,Студия,9,2
Петроградская,1,5,1
Петроградская,2,2,1
Петроградская,3,2,1
Петроградская,3,5,4
Петропавловская,1,5,4
Петропавловская,2,5,4
Петропавловская,4,4,1
Печатная,3,2,1
Печатный,1,4,5
Печатный,2,4,1
Печатныйеулок,1,4,1
Писемского,1,4,13
Писемского,1,5,26
Писемского,2,2,7
Писемского,2,4,3
Писемского,2,5,19
Писемского,3,4,5
Писемского,3,5,8
Поддубного,1,5,24
Поддубного,1,6,1
Поддубного,1,9,7
Поддубного,1,16,55
Поддубного,1,17,3
Поддубного,1,18,2
Поддубного,2,2,3
Поддубного,2,5,34
Поддубного,2,9,8
Поддубного,2,16,18
Поддубного,3,5,3
Поддубного,3,9,5
Поддубного,3,16,7
Поддубного,4,9,3
Поддубного,5,5,1
Поддубного,Студия,16,4
Подольская,2,5,3
Пожарского,1,4,27
Пожарского,1,5,8
Пожарского,1,9,3
Пожарского,2,5,3
Пожарского,2,9,1
Пожарского,2,10,2
Покрышкина,1,5,6
Покрышкина,1,6,14
Покрышкина,1,7,1
Покрышкина,1,17,3
Покрышкина,1,18,1
Покрышкина,2,6,11
Покрышкина,2,17,3
Покрышкина,3,5,1
Покрышкина,3,17,1
Полевая,1,2,2
Полесская,1,3,5
Полесская,1,5,2
Полесская,1,9,9
Полесская,2,5,1
Полесская,3,3,2
Полесская,4,5,6
Полины Осипенко,1,2,9
Полины Осипенко,1,3,2
Полины Осипенко,2,2,10
Полины Осипенко,2,3,6
Полины Осипенко,3,2,2
Полины Осипенко,3,3,2
Политрука Тимофеева,1,5,2
Политрука Тимофеева,2,5,6
Политрука Тимофеева,3,5,1
Политрука Тимофеева,4,5,1
Политрука Тимофеева,Студия,5,3
Полоненко,1,3,2
Полоненко,1,4,1
Полоненко,1,5,2
Полоненко,2,3,3
Полоненко,3,4,2
Полухина,1,5,2
Полухина,4,5,3
Помнющего,1,3,4
Помнющего,2,3,7
Пономарева,1,4,7
Пономарева,2,4,8
ПортСаида,1,5,4
ПортСаида,2,4,3
ПортСаида,2,5,9
ПортСаида,2,8,2
ПортСаида,2,9,7
ПортСаида,3,4,2
ПортСаида,3,5,6
ПортСаида,3,8,2
Правды,2,9,9
Правды,3,9,10
Правды,4,9,4
Правды,4,10,3
Пражская,1,2,1
Пражская,1,5,15
Пражская,2,2,5
Пражская,2,5,25
Пражская,3,4,3
Пражская,3,5,3
Пражская,3,6,1
Пражская,Своб.планировка,9,5
Пражская,Студия,5,1
Прибалтийская,2,3,11
Прибалтийская,3,3,3
Прибалтийская,4,2,7
Привокзальная,2,2,1
Пролетарская,1,2,5
Пролетарская,1,5,7
Пролетарская,1,9,24
Пролетарская,1,10,9
Пролетарская,1,22,2
Пролетарская,2,2,8
Пролетарская,2,5,46
Пролетарская,2,9,38
Пролетарская,2,22,18
Пролетарская,3,2,2
Пролетарская,3,5,8
Пролетарская,3,9,27
Пролетарская,3,10,3
Пролетарская,4,5,14
Пролетарская,4,9,5
Пролетарская,Студия,9,2
Промышленная,1,9,1
Профсоюзная,1,5,20
Профсоюзная,2,5,13
Профсоюзная,3,5,13
Пугачевская,1,1,2
Пугачевская,1,5,8
Пугачевская,1,15,4
Пугачевская,1,16,8
Пугачевская,1,18,3
Пугачевская,2,3,6
Пугачевская,2,5,4
Пугачевская,2,14,3
Пугачевская,2,16,3
Пугачевская,3,16,27
Пушкина,2,4,2
Пятиморская,1,4,11
Пятиморская,1,5,31
Пятиморская,2,4,22
Пятиморская,2,5,11
Пятиморская,3,2,2
Пятиморская,3,4,8
Пятиморская,3,5,10
Пятиморская,4,5,5
РабочеКрестьянская,1,5,19
РабочеКрестьянская,1,16,2
РабочеКрестьянская,2,5,63
РабочеКрестьянская,2,7,2
РабочеКрестьянская,2,16,19
РабочеКрестьянская,3,5,25
РабочеКрестьянская,3,7,2
РабочеКрестьянская,3,8,1
РабочеКрестьянская,3,16,5
РабочеКрестьянская,4,5,6
РабочеКрестьянская,5,5,1
РабочеКрестьянская,Студия,16,1
Радужная,2,3,9
Расула Гамзатова,1,9,2
Расула Гамзатова,1,10,4
Расула Гамзатова,2,7,4
Расула Гамзатова,2,8,11
Расула Гамзатова,2,10,2
Репина,1,9,35
Репина,1,11,1
Репина,2,5,4
Репина,2,9,49
Репина,2,10,1
Репина,2,11,5
Репина,3,5,11
Репина,3,9,13
Репина,3,10,2
Репина,4,9,3
Репина,4,10,2
Республиканская,1,3,5
Республиканская,1,5,17
Республиканская,2,3,3
Республиканская,2,5,56
Республиканская,3,3,2
Республиканская,3,5,27
Республиканская,4,5,5
РимскогоКорсакова,1,5,6
РимскогоКорсакова,1,18,13
РимскогоКорсакова,2,5,8
РимскогоКорсакова,3,18,1
Рионская,1,5,4
Рионская,1,9,8
Рионская,2,5,10
Рионская,2,9,48
Рионская,3,5,3
Рионская,3,9,17
Рионская,4,5,5
Рионская,4,9,15
Рионская,Студия,9,1
Рихарда Зорге,1,9,35
Рихарда Зорге,1,10,1
Рихарда Зорге,2,9,59
Рихарда Зорге,2,10,9
Рихарда Зорге,3,9,34
Рихарда Зорге,4,9,9
Родниковая,1,10,13
Родниковая,1,11,2
Родниковая,2,3,2
Родниковая,2,9,5
Родниковая,2,10,6
Родниковая,3,9,3
Родниковая,3,10,6
Розы Люксембург,2,9,1
Розы Люксембург,3,9,3
Розы Люксембург,3,10,6
Рокоссовского,1,3,1
Рокоссовского,1,4,2
Рокоссовского,1,9,19
Рокоссовского,1,10,2
Рокоссовского,1,16,10
Рокоссовского,2,3,3
Рокоссовского,2,4,4
Рокоссовского,2,9,48
Рокоссовского,2,10,2
Рокоссовского,2,16,9
Рокоссовского,3,5,3
Рокоссовского,3,9,41
Рокоссовского,3,16,6
Рокоссовского,4,4,1
Рокоссовского,4,5,7
Рокоссовского,4,9,17
Рокоссовского,4,16,11
Российская,1,4,1
Российская,1,5,6
Российская,2,4,9
Российская,2,5,5
Российская,3,4,1
Российская,3,5,8
Российская,4,5,4
Ростовская,1,9,3
Ростовская,2,9,9
Ростовская,3,5,4
Ростовская,3,9,14
Ростовская,4,9,2
Рыкачева,1,9,9
Рыкачева,1,10,10
Рыкачева,2,3,9
Рыкачева,2,5,2
Рыкачева,2,9,19
Рыкачева,2,10,8
Рыкачева,3,3,3
Рыкачева,3,5,1
Рыкачева,3,9,5
Рыкачева,4,5,1
Савкина,1,5,19
Савкина,2,2,1
Савкина,2,5,16
Савкина,2,9,4
Савкина,3,3,1
Савкина,3,5,8
Савкина,3,9,13
Садовая,1,1,1
Садовая,1,2,5
Садовая,3,2,4
СалтыковаЩедрина,1,2,5
СалтыковаЩедрина,1,3,3
СалтыковаЩедрина,1,4,8
СалтыковаЩедрина,1,9,2
СалтыковаЩедрина,2,2,14
СалтыковаЩедрина,2,3,7
СалтыковаЩедрина,2,4,2
СалтыковаЩедрина,2,9,2
СалтыковаЩедрина,3,2,5
СалтыковаЩедрина,3,3,9
СалтыковаЩедрина,3,5,2
Санаторная,1,3,16
Санаторная,1,4,60
Санаторная,1,5,6
Санаторная,1,9,1
Санаторная,1,10,5
Санаторная,2,3,8
Санаторная,2,4,37
Санаторная,2,5,3
Санаторная,2,9,2
Санаторная,2,10,9
Санаторная,3,4,5
Санаторная,3,10,1
Саушинская,1,5,32
Саушинская,2,2,6
Саушинская,2,3,3
Саушинская,2,4,6
Саушинская,2,5,33
Саушинская,3,4,1
Саушинская,3,5,13
Саушинская,4,3,7
Саушинская,4,5,1
Саши Филиппова,2,2,8
Саши Чекалина,1,1,2
Саши Чекалина,1,2,10
Саши Чекалина,1,3,2
Саши Чекалина,2,2,57
Саши Чекалина,2,3,9
Саши Чекалина,3,2,7
Саши Чекалина,3,3,1
Светлоярская,1,4,3
Светлоярская,1,5,9
Светлоярская,2,4,3
Северный,2,3,3
Северный Городок,1,3,12
Северный Городок,1,4,5
Северный Городок,3,3,1
Северныйеулок,2,3,1
Селенгинская,1,9,2
Селенгинская,1,10,8
Селенгинская,1,22,2
Селенгинская,1,24,8
Селенгинская,1,25,8
Селенгинская,1,26,2
Селенгинская,1,27,6
Селенгинская,2,24,17
Селенгинская,2,25,3
Селенгинская,2,27,2
Селенгинская,3,24,5
Селенгинская,3,27,4
Селенгинская,3,28,1
Селенгинская,4,26,2
Селенгинская,Своб.планировка,16,2
Селенгинская,Студия,25,3
Семигорская,1,3,2
Семушкина,3,2,2
Сидорова,1,2,1
Сидорова,2,2,4
Симбирская,2,5,19
Славская,1,5,4
Славская,2,5,8
Славская,3,5,6
Славская,4,5,3
Слепцова,1,5,5
Слепцова,2,2,1
Слепцова,2,5,2
Слепцова,3,5,2
Смоленская,3,1,2
Советская,1,5,26
Советская,2,2,2
Советская,2,4,7
Советская,2,5,51
Советская,2,6,9
Советская,2,7,2
Советская,2,8,1
Советская,2,9,5
Советская,3,4,2
Советская,3,5,39
Советская,3,6,3
Советская,4,4,2
Советская,4,5,3
Советская,4,6,3
Советская,Своб.планировка,5,4
Советский,1,5,3
Советский,1,18,5
Советский,2,18,5
Советский,3,5,1
Советскийеулок,1,18,2
Советскийеулок,2,18,1
Созидательская,1,5,1
Созидательская,2,5,1
Созидательская,3,5,11
Солнечникова,1,3,4
Солнечникова,1,4,25
Солнечникова,1,5,4
Солнечникова,2,3,5
Солнечникова,2,4,8
Солнечникова,2,5,4
Солнечникова,4,4,2
Сологубова,1,3,7
Сологубова,1,9,15
Сологубова,2,9,8
Сологубова,3,3,5
Сологубова,3,9,4
Софийская,1,2,9
Социалистическая,1,5,17
Социалистическая,2,5,19
Социалистическая,3,5,3
Старорусская,1,2,3
Старорусская,1,4,3
Старорусская,2,2,4
Старорусская,2,5,5
Старорусская,3,1,2
Старшего Лейтенанта Токарева,1,7,9
Старшего Лейтенанта Токарева,2,7,7
Стахановская,1,2,1
Стахановская,2,2,2
Стахановская,2,3,1
Степанищева,1,3,34
Степанищева,2,3,4
Степанищева,3,3,2
Степная,2,1,2
Стрельникова,1,2,3
Строителей,1,2,5
Строителей,2,2,3
Строителей,3,2,7
Стройдеталь,1,18,6
Стройдеталь,2,18,4
Судостроительная,1,5,16
Судостроительная,2,2,2
Судостроительная,2,3,5
Судостроительная,2,5,7
Судостроительная,3,5,8
Сулеймана Стальского,1,2,1
Сулеймана Стальского,1,5,4
Сулеймана Стальского,2,1,5
Сулеймана Стальского,2,2,5
Сулеймана Стальского,2,5,1
Сулеймана Стальского,3,1,3
Сулеймана Стальского,3,2,2
Сулеймана Стальского,3,5,2
Сухова,2,9,16
Сухова,2,16,2
Сухова,3,9,2
Сухова,3,16,2
Сухова,4,16,4
Танкистов,1,5,14
Танкистов,1,6,3
Танкистов,1,9,41
Танкистов,2,5,12
Танкистов,2,6,10
Танкистов,2,9,40
Танкистов,2,10,4
Танкистов,3,5,12
Танкистов,3,6,8
Танкистов,3,9,4
Танкистов,4,5,1
Танкистов,4,9,2
Танкистов,Студия,9,1
Таращанцев,1,2,1
Таращанцев,1,4,3
Таращанцев,1,5,29
Таращанцев,1,9,14
Таращанцев,2,2,9
Таращанцев,2,3,13
Таращанцев,2,5,66
Таращанцев,2,6,2
Таращанцев,2,9,11
Таращанцев,2,10,3
Таращанцев,2,14,5
Таращанцев,3,3,2
Таращанцев,3,4,4
Таращанцев,3,9,21
Таращанцев,3,10,13
Таращанцев,3,14,3
Таращанцев,4,4,2
Таращанцев,4,5,10
Таращанцев,4,9,1
Таращанцев,4,10,1
Тарифная,1,5,23
Тарифная,2,5,80
Тарифная,3,5,7
Тарифная,4,5,5
Твардовского,1,5,10
Твардовского,1,14,3
Твардовского,2,2,2
Твардовского,2,5,13
Твардовского,2,9,21
Твардовского,2,10,4
Твардовского,3,5,2
Твардовского,3,9,32
Твардовского,3,14,4
Тельмана,1,7,1
Тельмана,2,9,2
Тельмана,2,10,16
Тельмана,3,10,3
Тепличный,2,2,3
Тепличный,2,5,2
Тепличныйеулок,2,2,1
Тимирязева,1,4,7
Тимирязева,1,9,24
Тимирязева,1,10,2
Тимирязева,1,11,4
Тимирязева,1,16,15
Тимирязева,2,3,11
Тимирязева,2,8,1
Тимирязева,2,9,21
Тимирязева,2,16,19
Тимирязева,3,9,8
Тимирязева,3,10,2
Тимирязева,Студия,12,1
Тимирязева,Студия,16,5
Ткачева,1,5,7
Ткачева,1,9,1
Ткачева,1,16,5
Ткачева,2,5,17
Ткачева,2,9,49
Ткачева,2,10,2
Ткачева,2,16,8
Ткачева,3,5,10
Ткачева,3,9,36
Ткачева,3,10,8
Ткачева,3,11,1
Ткачева,4,9,3
Ткачева,4,10,6
Ткачева,4,16,7
Ткачева,Студия,16,2
Тополевая,1,9,2
Тополевая,2,9,3
Тормосиновская,2,5,2
Тракторостроителей,2,4,9
Тракторостроителей,2,5,3
Тракторостроителей,3,2,1
Триумфальная,1,5,27
Триумфальная,1,9,12
Триумфальная,2,5,20
Триумфальная,2,9,23
Триумфальная,3,5,5
Триумфальная,3,9,15
Триумфальная,4,9,4
Тулака,1,2,4
Тулака,1,5,8
Тулака,1,9,37
Тулака,1,10,26
Тулака,1,16,20
Тулака,1,17,8
Тулака,2,5,2
Тулака,2,9,39
Тулака,2,10,17
Тулака,2,16,4
Тулака,3,5,3
Тулака,3,9,31
Тулака,3,10,4
Тулака,3,11,2
Тулака,3,16,5
Тулака,4,10,1
Тулака,Студия,9,6
Тулака,Студия,10,1
Турбинная,1,5,3
Турбинная,1,9,3
Турбинная,2,9,2
Турбинная,3,5,1
Турбинная,3,9,9
Турбинная,4,9,6
Тургенева,1,5,3
Тургенева,2,2,1
Тургенева,2,3,3
Тургенева,2,5,24
Тургенева,2,9,17
Тургенева,3,4,2
Тургенева,3,5,12
Тургенева,3,9,6
Тургенева,4,5,9
Тургенева,4,9,2
Туркменская,1,3,3
Туркменская,1,9,21
Туркменская,1,21,2
Туркменская,1,23,2
Туркменская,1,24,26
Туркменская,1,25,2
Туркменская,2,9,19
Туркменская,2,24,43
Туркменская,3,8,2
Туркменская,3,9,8
Туркменская,3,24,23
Туркменская,Своб.планировка,24,1
Удмуртская,1,3,2
Удмуртская,1,5,102
Удмуртская,1,9,40
Удмуртская,2,3,1
Удмуртская,2,4,5
Удмуртская,2,5,46
Удмуртская,2,9,42
Удмуртская,3,3,1
Удмуртская,3,4,7
Удмуртская,3,5,35
Удмуртская,3,9,15
Удмуртская,3,10,8
Удмуртская,4,2,1
Удмуртская,4,5,1
Удмуртская,4,9,17
Удмуртская,5,9,2
Удмуртский,1,5,5
Удмуртский,2,5,8
Удмуртскийеулок,2,5,1
Университетский пр-кт,1,5,5
Университетский пр-кт,1,17,1
Университетский пр-кт,2,4,3
Университетский пр-кт,2,5,7
Университетский пр-кт,2,7,1
Университетский пр-кт,2,9,2
Университетский пр-кт,2,10,2
Университетский пр-кт,2,16,1
Университетский пр-кт,2,17,1
Университетский пр-кт,3,2,1
Университетский пр-кт,3,3,1
Университетский пр-кт,3,5,2
Университетский пр-кт,3,7,1
Университетский пр-кт,3,9,2
Университетский пр-кт,3,10,1
Университетский пр-кт,3,17,1
Университетский пр-кт,4,5,1
Университетскийпр-кт,1,5,20
Университетскийпр-кт,1,7,4
Университетскийпр-кт,1,9,1
Университетскийпр-кт,1,16,1
Университетскийпр-кт,1,17,17
Университетскийпр-кт,2,4,15
Университетскийпр-кт,2,5,30
Университетскийпр-кт,2,9,11
Университетскийпр-кт,2,10,7
Университетскийпр-кт,2,16,3
Университетскийпр-кт,2,17,10
Университетскийпр-кт,3,2,3
Университетскийпр-кт,3,3,7
Университетскийпр-кт,3,5,8
Университетскийпр-кт,3,7,6
Университетскийпр-кт,3,9,7
Университетскийпр-кт,3,17,1
Университетскийпр-кт,4,5,13
Университетскийпр-кт,4,9,2
Урюпинская,1,5,3
Урюпинская,2,5,1
Урюпинская,3,5,4
Успенского,1,4,3
Успенского,1,5,1
Успенского,2,4,3
Успенского,2,5,9
Успенского,3,4,1
Успенского,3,5,1
Ухтомского,2,3,4
Фадеева,1,5,94
Фадеева,1,16,8
Фадеева,2,4,2
Фадеева,2,5,53
Фадеева,2,16,2
Фадеева,3,4,1
Фадеева,3,5,37
Фадеева,3,16,2
Фадеева,Студия,16,6
Федотова,2,5,4
Федотова,2,6,2
Федотова,3,5,2
Федотова,3,6,4
Федотова,4,5,8
Фестивальная,2,9,6
Фестивальная,3,9,2
Фролова,1,4,4
Фролова,2,4,13
Фролова,2,5,1
Фролова,3,4,4
Фруктовая,1,2,5
Фруктовая,1,5,10
Фруктовая,2,2,9
Фруктовая,2,3,4
Фруктовая,2,5,9
Фруктовая,3,2,2
Фруктовая,3,3,4
Фруктовая,3,5,2
Фруктовая,4,5,13
Хабаровская,1,2,4
Хабаровская,2,2,3
Ханпаши Нурадилова,1,17,1
Ханпаши Нурадилова,1,22,3
Ханпаши Нурадилова,1,23,6
Ханпаши Нурадилова,1,24,2
Ханпаши Нурадилова,1,27,4
Ханпаши Нурадилова,2,24,1
Ханпаши Нурадилова,3,23,4
Ханпаши Нурадилова,Студия,21,1
Ханпаши Нурадилова,Студия,25,1
Хиросимы,1,9,21
Хиросимы,1,12,7
Хиросимы,1,15,4
Хиросимы,2,9,25
Хиросимы,2,12,2
Хиросимы,2,14,3
Хиросимы,2,16,6
Хиросимы,3,5,12
Хиросимы,3,9,15
Хиросимы,3,15,2
Хиросимы,3,16,4
Хиросимы,4,5,7
Хиросимы,4,9,6
Хиросимы,4,10,2
Хиросимы,Студия,8,4
Хользунова,1,4,15
Хользунова,1,5,27
Хользунова,1,9,12
Хользунова,1,16,11
Хользунова,1,17,13
Хользунова,1,18,7
Хользунова,2,4,4
Хользунова,2,5,48
Хользунова,2,6,6
Хользунова,2,9,15
Хользунова,2,16,9
Хользунова,2,17,7
Хользунова,2,18,1
Хользунова,3,4,7
Хользунова,3,5,22
Хользунова,3,9,4
Хользунова,3,16,18
Хользунова,3,17,6
Хользунова,3,18,10
Хользунова,3,19,3
Хользунова,4,5,9
Хользунова,4,9,4
Хользунова,4,19,3
Хорошева,1,4,3
Хорошева,1,5,5
Хорошева,1,6,9
Хорошева,1,9,30
Хорошева,1,10,1
Хорошева,1,12,1
Хорошева,2,5,13
Хорошева,2,6,8
Хорошева,2,7,3
Хорошева,2,8,2
Хорошева,2,9,14
Хорошева,2,10,11
Хорошева,2,12,1
Хорошева,3,5,2
Хорошева,3,6,4
Хорошева,3,7,3
Хорошева,3,8,2
Хорошева,3,9,3
Хорошева,3,10,2
Хорошева,3,12,2
Хорошева,4,5,3
Хорошева,4,6,3
Хорошева,5,5,1
Центральная,2,1,2
Циолковского,1,5,7
Циолковского,1,9,6
Циолковского,1,10,5
Циолковского,2,3,2
Циолковского,2,5,11
Циолковского,2,7,3
Циолковского,2,9,6
Циолковского,2,10,4
Циолковского,2,11,1
Циолковского,2,15,2
Циолковского,2,16,3
Циолковского,2,23,9
Циолковского,3,5,13
Циолковского,3,8,2
Циолковского,3,9,12
Циолковского,3,16,2
Циолковского,3,23,8
Циолковского,4,3,6
Циолковского,4,10,2
Циолковского,4,22,4
Чапаева,1,4,3
Чапаева,1,5,1
Чапаева,2,4,9
Чапаева,2,5,16
Чапаева,3,5,9
Чапаева,Студия,4,2
Чебышева,1,4,1
Чебышева,2,4,24
Чебышева,3,4,1
Черепановых,1,9,5
Черепановых,2,5,12
Черепановых,2,9,3
Черепановых,3,5,5
Черепановых,3,9,4
Череповецкая,1,9,1
Череповецкая,2,9,26
Череповецкая,3,9,17
Чигиринская,1,9,1
Чигиринская,2,9,10
Чигиринская,3,9,4
Чигиринская,4,9,8
Чонгарская,2,1,3
Шауляйская,1,5,3
Шауляйская,2,4,4
Шауляйская,2,5,12
Шауляйская,2,6,12
Шауляйская,2,16,11
Шауляйская,3,5,3
Шауляйская,3,16,11
Шебелинская,2,5,4
Шебелинская,3,5,3
Шекснинская,1,5,5
Шекснинская,1,6,41
Шекснинская,1,9,53
Шекснинская,1,10,12
Шекснинская,1,16,2
Шекснинская,2,4,2
Шекснинская,2,5,33
Шекснинская,2,6,22
Шекснинская,2,9,60
Шекснинская,2,10,10
Шекснинская,2,16,5
Шекснинская,3,4,2
Шекснинская,3,5,9
Шекснинская,3,6,25
Шекснинская,3,9,26
Шекснинская,3,10,18
Шекснинская,3,16,4
Шекснинская,4,6,10
Шекснинская,4,9,12
Шекснинская,4,10,7
Шекснинская,5,9,3
Шефская,1,5,16
Шефская,2,5,11
Шкирятова,1,2,2
Шкирятова,2,2,4
Шкирятова,3,2,3
Шкирятова,4,2,2
Школьный,1,2,1
Школьный,1,5,3
Школьныйеулок,1,5,1
Шпалозаводская,2,2,4
Штурманская,3,9,1
Шумского,1,3,23
Шумского,1,9,1
Шумского,1,10,3
Шумского,2,3,9
Шумского,2,9,8
Шумского,3,3,1
Шумского,Студия,7,1
Шурухина,1,4,2
Шурухина,1,5,9
Шурухина,2,5,21
Шурухина,3,4,3
Шурухина,3,5,3
Электролесовская,1,4,2
Электролесовская,1,9,1
Электролесовская,1,10,2
Электролесовская,2,9,3
Электролесовская,2,10,9
Электролесовская,3,10,10
Электростальская,2,2,3
Электростальская,3,3,5
Энгельса,3,9,1
Юрьевская,2,4,3
Юрьевская,4,4,1
Юрьевская,Студия,4,2
Якуба Коласа,1,5,8
Янки Купалы,1,9,7
Янки Купалы,2,9,22
Янки Купалы,2,10,17
Янки Купалы,2,11,1
Янки Купалы,3,9,16
Янки Купалы,3,10,3
Ярославская,1,9,4
Ярославская,1,10,2
Ярославская,1,12,1
Ярославская,1,16,6
Ярославская,2,5,1
Ярославская,2,9,5
Ярославская,2,16,6
Ярославская,3,5,2
Ярославская,3,9,8
Ярославская,3,10,1
Ярославская,4,10,3
Ярославская,4,16,4
Ярославская,Студия,9,5
академика Бардина,1,4,11
академика Бардина,2,4,12
академика Бардина,3,2,2
академика Богомольца,1,5,11
академика Богомольца,1,9,8
академика Богомольца,2,5,2
академика Богомольца,2,9,25
академика Богомольца,2,16,3
академика Богомольца,3,5,4
академика Богомольца,3,9,3
академика Богомольца,3,10,4
академика Богомольца,3,14,3
академика Богомольца,4,5,9
академика Богомольца,4,9,3
академика Зелинского,1,2,17
академика Зелинского,3,2,2
академика Комарова,1,3,11
академика Комарова,1,5,1
академика Комарова,1,9,32
академика Комарова,2,3,6
академика Комарова,2,9,18
академика Комарова,2,10,3
академика Комарова,3,9,1
академика Королева,1,5,1
академика Королева,2,5,16
академика Королева,3,5,10
академика Королева,4,5,4
академика Павлова,1,9,17
академика Павлова,2,9,39
академика Павлова,3,9,5
академика Павлова,4,9,8
академика Палладина,2,1,2
б-р 30летия Победы,1,5,13
б-р 30летия Победы,1,9,29
б-р 30летия Победы,1,10,2
б-р 30летия Победы,1,15,3
б-р 30летия Победы,1,16,13
б-р 30летия Победы,1,17,1
б-р 30летия Победы,1,19,10
б-р 30летия Победы,1,20,22
б-р 30летия Победы,1,24,8
б-р 30летия Победы,2,6,3
б-р 30летия Победы,2,9,67
б-р 30летия Победы,2,10,15
б-р 30летия Победы,2,11,11
б-р 30летия Победы,2,13,15
б-р 30летия Победы,2,14,1
б-р 30летия Победы,2,16,2
б-р 30летия Победы,2,17,4
б-р 30летия Победы,2,18,5
б-р 30летия Победы,2,19,19
б-р 30летия Победы,2,20,9
б-р 30летия Победы,2,22,1
б-р 30летия Победы,2,24,1
б-р 30летия Победы,3,5,2
б-р 30летия Победы,3,9,74
б-р 30летия Победы,3,10,15
б-р 30летия Победы,3,11,9
б-р 30летия Победы,3,13,10
б-р 30летия Победы,3,15,9
б-р 30летия Победы,3,16,1
б-р 30летия Победы,3,17,11
б-р 30летия Победы,3,18,5
б-р 30летия Победы,3,19,7
б-р 30летия Победы,3,20,7
б-р 30летия Победы,3,24,3
б-р 30летия Победы,4,6,4
б-р 30летия Победы,4,9,16
б-р 30летия Победы,4,15,1
б-р 30летия Победы,4,17,7
б-р 30летия Победы,Студия,19,9
б-р Энгельса,1,5,2
б-р Энгельса,1,9,29
б-р Энгельса,1,10,1
б-р Энгельса,1,16,15
б-р Энгельса,2,5,2
б-р Энгельса,2,9,125
б-р Энгельса,2,10,2
б-р Энгельса,2,16,7
б-р Энгельса,3,5,4
б-р Энгельса,3,9,65
б-р Энгельса,3,10,2
б-р Энгельса,3,16,2
б-р Энгельса,4,9,17
б-р Энгельса,4,16,3
гвардии полковника Добрушина,3,3,2
генерала Ватутина,2,5,6
генерала Ватутина,2,9,5
генерала Ватутина,3,5,3
генерала Ватутина,3,9,2
генерала Гуртьева,2,4,3
генерала Гуртьева,3,4,4
генерала Штеменко,1,5,29
генерала Штеменко,1,7,1
генерала Штеменко,1,9,28
генерала Штеменко,1,10,5
генерала Штеменко,1,14,1
генерала Штеменко,2,5,98
генерала Штеменко,2,6,1
генерала Штеменко,2,7,10
генерала Штеменко,2,8,6
генерала Штеменко,2,9,33
генерала Штеменко,3,5,35
генерала Штеменко,3,6,4
генерала Штеменко,3,7,1
генерала Штеменко,3,8,5
генерала Штеменко,3,9,48
генерала Штеменко,3,10,9
генерала Штеменко,4,7,2
генерала Штеменко,4,8,9
генерала Штеменко,4,9,5
генерала Шумилова,1,4,19
генерала Шумилова,1,6,11
генерала Шумилова,1,9,9
генерала Шумилова,2,3,12
генерала Шумилова,2,4,5
генерала Шумилова,2,5,10
генерала Шумилова,2,6,1
генерала Шумилова,2,9,12
генерала Шумилова,3,4,4
генерала Шумилова,3,9,2
генерала Шумилова,4,5,3
еулок Ващенко,2,3,2
еулок Ногина,1,3,1
еулок Ногина,2,3,1
еулок Успенского,1,4,1
еулок Успенского,2,5,3
им Героев Сталинграда пркт,1,9,2
квартал Опытной станции В.И.Р,1,2,2
квартал Опытной станции В.И.Р,3,5,2
квартал Опытной станции В.И.Р,4,5,3
маршала Василевского,1,2,5
маршала Василевского,1,9,5
маршала Василевского,2,9,2
маршала Василевского,2,10,1
маршала Василевского,3,9,1
маршала Василевского,4,2,1
маршала Воронова,1,9,5
маршала Воронова,1,10,3
маршала Воронова,1,14,17
маршала Воронова,1,16,9
маршала Воронова,2,9,14
маршала Воронова,2,10,17
маршала Воронова,2,14,9
маршала Воронова,2,16,21
маршала Воронова,2,18,2
маршала Воронова,3,9,18
маршала Воронова,3,10,1
маршала Воронова,Студия,15,1
маршала Воронова,Студия,16,1
маршала Еременко,1,4,18
маршала Еременко,1,5,42
маршала Еременко,1,9,46
маршала Еременко,1,10,7
маршала Еременко,1,15,1
маршала Еременко,1,16,2
маршала Еременко,2,4,15
маршала Еременко,2,5,79
маршала Еременко,2,6,6
маршала Еременко,2,9,54
маршала Еременко,2,10,24
маршала Еременко,2,11,11
маршала Еременко,3,4,2
маршала Еременко,3,5,15
маршала Еременко,3,9,35
маршала Еременко,3,10,7
маршала Еременко,3,11,12
маршала Еременко,3,16,1
маршала Еременко,4,9,6
маршала Еременко,4,10,7
маршала Рыбалко,1,9,10
маршала Рыбалко,1,10,3
маршала Рыбалко,1,14,2
маршала Рыбалко,1,16,5
маршала Рыбалко,1,18,2
маршала Рыбалко,2,5,24
маршала Рыбалко,2,9,5
маршала Рыбалко,2,10,6
маршала Рыбалко,2,16,1
маршала Рыбалко,3,5,7
маршала Рыбалко,3,9,11
маршала Рыбалко,3,10,2
маршала Рыбалко,3,14,3
маршала Рыбалко,3,16,3
маршала Рыбалко,4,5,11
маршала Рыбалко,4,9,8
маршала Рыбалко,4,14,5
маршала Рыбалко,4,16,3
маршала Толбухина,1,2,15
маршала Толбухина,1,5,3
маршала Толбухина,2,2,15
маршала Толбухина,2,4,3
маршала Толбухина,2,5,9
маршала Толбухина,3,2,3
маршала Толбухина,3,4,5
маршала Толбухина,3,5,16
маршала Чуйкова,1,5,19
маршала Чуйкова,1,6,4
маршала Чуйкова,1,21,4
маршала Чуйкова,2,5,28
маршала Чуйкова,2,24,6
маршала Чуйкова,3,5,13
маршала Чуйкова,3,6,2
маршала Чуйкова,4,5,21
маршала Чуйкова,4,6,3
маршала Чуйкова,Студия,5,1
наб Волжской Флотилии,1,9,6
наб Волжской Флотилии,1,10,12
наб Волжской Флотилии,1,16,6
наб Волжской Флотилии,2,9,14
наб Волжской Флотилии,2,10,21
наб Волжской Флотилии,2,16,2
наб Волжской Флотилии,3,8,2
наб Волжской Флотилии,3,9,22
наб Волжской Флотилии,3,11,2
наб Волжской Флотилии,3,16,9
наб Волжской Флотилии,4,16,5
набережная Волжской Флотилии,1,10,1
набережная Волжской Флотилии,2,9,4
набережная Волжской Флотилии,2,10,4
набережная Волжской Флотилии,2,16,1
набережная Волжской Флотилии,3,9,12
набережная Волжской Флотилии,3,16,1
пр Дорожников,1,9,9
пр Дорожников,Студия,9,1
пр Ленина,2,5,1
пр-кт В.И. Ленина,1,4,1
пр-кт В.И. Ленина,1,5,76
пр-кт В.И. Ленина,1,6,8
пр-кт В.И. Ленина,1,7,28
пр-кт В.И. Ленина,1,9,14
пр-кт В.И. Ленина,1,10,13
пр-кт В.И. Ленина,1,12,1
пр-кт В.И. Ленина,2,2,5
пр-кт В.И. Ленина,2,3,6
пр-кт В.И. Ленина,2,4,78
пр-кт В.И. Ленина,2,5,152
пр-кт В.И. Ленина,2,6,19
пр-кт В.И. Ленина,2,7,95
пр-кт В.И. Ленина,2,8,1
пр-кт В.И. Ленина,2,9,16
пр-кт В.И. Ленина,2,10,23
пр-кт В.И. Ленина,2,12,2
пр-кт В.И. Ленина,2,14,13
пр-кт В.И. Ленина,2,16,1
пр-кт В.И. Ленина,3,4,19
пр-кт В.И. Ленина,3,5,62
пр-кт В.И. Ленина,3,6,8
пр-кт В.И. Ленина,3,7,23
пр-кт В.И. Ленина,3,8,1
пр-кт В.И. Ленина,3,9,14
пр-кт В.И. Ленина,3,10,6
пр-кт В.И. Ленина,3,12,1
пр-кт В.И. Ленина,4,4,5
пр-кт В.И. Ленина,4,5,24
пр-кт В.И. Ленина,4,6,3
пр-кт В.И. Ленина,4,10,4
пр-кт В.И. Ленина,Студия,5,2
пр-кт В.И. Ленина,Студия,9,2
пр-кт Героев Сталинграда,1,5,89
пр-кт Героев Сталинграда,1,9,16
пр-кт Героев Сталинграда,1,10,3
пр-кт Героев Сталинграда,1,11,11
пр-кт Героев Сталинграда,1,16,6
пр-кт Героев Сталинграда,2,5,46
пр-кт Героев Сталинграда,2,9,104
пр-кт Героев Сталинграда,2,10,11
пр-кт Героев Сталинграда,2,11,1
пр-кт Героев Сталинграда,2,16,1
пр-кт Героев Сталинграда,3,5,34
пр-кт Героев Сталинграда,3,9,45
пр-кт Героев Сталинграда,3,10,4
пр-кт Героев Сталинграда,3,11,2
пр-кт Героев Сталинграда,3,16,9
пр-кт Героев Сталинграда,3,17,3
пр-кт Героев Сталинграда,4,6,2
пр-кт Героев Сталинграда,4,10,3
пр-кт Героев Сталинграда,4,11,1
пр-кт Героев Сталинграда,4,12,13
пр-кт Героев Сталинграда,4,16,2
пр-кт Героев Сталинграда,5,6,2
пр-кт Героев Сталинграда,5,12,2
пр-кт Героев Сталинграда,Студия,10,3
пр-кт Канатчиков,1,5,57
пр-кт Канатчиков,1,9,12
пр-кт Канатчиков,2,5,35
пр-кт Канатчиков,3,5,23
пр-кт Металлургов,1,4,1
пр-кт Металлургов,1,5,7
пр-кт Металлургов,1,9,1
пр-кт Металлургов,2,4,10
пр-кт Металлургов,2,5,31
пр-кт Металлургов,2,9,8
пр-кт Металлургов,3,4,4
пр-кт Металлургов,3,5,16
пр-кт Металлургов,3,6,6
пр-кт Металлургов,3,9,3
пр-кт Металлургов,3,10,2
пр-кт Металлургов,4,4,1
пр-кт Металлургов,4,5,3
пр-кт Металлургов,4,9,20
пр-кт Металлургов,5,5,3
пр-кт Столетова,1,3,4
пр-кт Столетова,1,5,24
пр-кт Столетова,1,9,18
пр-кт Столетова,2,5,16
пр-кт Столетова,2,9,22
пр-кт Столетова,2,10,2
пр-кт Столетова,3,2,2
пр-кт Столетова,3,3,4
пр-кт Столетова,3,5,17
пр-кт Столетова,3,9,7
пр-кт Столетова,3,10,3
пр-кт Столетова,4,5,6
пр-кт Столетова,4,9,11
пр-кт Столетова,4,10,2
пр-кт маршала Жукова,1,3,2
пр-кт маршала Жукова,1,5,30
пр-кт маршала Жукова,1,9,27
пр-кт маршала Жукова,1,10,8
пр-кт маршала Жукова,1,12,8
пр-кт маршала Жукова,1,13,4
пр-кт маршала Жукова,1,16,35
пр-кт маршала Жукова,1,17,3
пр-кт маршала Жукова,1,19,2
пр-кт маршала Жукова,1,23,30
пр-кт маршала Жукова,1,24,18
пр-кт маршала Жукова,2,3,1
пр-кт маршала Жукова,2,4,1
пр-кт маршала Жукова,2,5,66
пр-кт маршала Жукова,2,9,13
пр-кт маршала Жукова,2,10,7
пр-кт маршала Жукова,2,12,12
пр-кт маршала Жукова,2,13,2
пр-кт маршала Жукова,2,14,4
пр-кт маршала Жукова,2,15,3
пр-кт маршала Жукова,2,16,30
пр-кт маршала Жукова,2,17,5
пр-кт маршала Жукова,2,18,6
пр-кт маршала Жукова,2,19,8
пр-кт маршала Жукова,2,22,7
пр-кт маршала Жукова,2,23,10
пр-кт маршала Жукова,2,24,7
пр-кт маршала Жукова,3,5,47
пр-кт маршала Жукова,3,9,3
пр-кт маршала Жукова,3,10,8
пр-кт маршала Жукова,3,12,16
пр-кт маршала Жукова,3,13,1
пр-кт маршала Жукова,3,16,8
пр-кт маршала Жукова,3,18,7
пр-кт маршала Жукова,3,19,7
пр-кт маршала Жукова,3,23,8
пр-кт маршала Жукова,3,24,1
пр-кт маршала Жукова,4,23,3
пр-кт маршала Жукова,Студия,5,2
прЛенина ,3,9,4
проезд Дорожников,1,9,1
рабочий Южный,1,5,2
рабочий Южный,1,9,8
рабочий Южный,2,9,8
рабочий Южный,3,5,4
рабочий Южный,3,9,5
район Семь Ветров,1,9,1
район Семь Ветров,3,9,1
ш Авиаторов,2,2,1
